team_abbreviation,season,team_avg_points,team_avg_assists,team_avg_rebounds,win_percentage
ATL,2000-01,6.775,1.7,2.86875,0.48727005942368123
ATL,2001-02,7.644444444444444,1.5,3.5888888888888886,0.7753571532049581
ATL,2002-03,6.05,1.34,2.915,0.6659969709057025
ATL,2003-04,6.2125,1.3375000000000001,3.3249999999999997,0.5993292420985183
ATL,2004-05,6.335294117647059,1.3294117647058823,3.2529411764705882,0.37800932022121825
ATL,2005-06,8.784615384615385,1.7692307692307692,3.5384615384615383,0.3779972601681013
ATL,2006-07,7.461111111111112,1.6111111111111112,3.138888888888889,0.3290418060840997
ATL,2007-08,9.0,1.9666666666666668,3.6916666666666664,0.7330880728874676
ATL,2008-09,7.72,1.62,3.253333333333333,0.6005575058716044
ATL,2009-10,7.8500000000000005,1.6428571428571428,3.3285714285714283,0.6540362888980227
ATL,2010-11,7.892857142857143,1.8285714285714287,3.435714285714286,0.3102922471479012
ATL,2011-12,8.106666666666666,1.86,3.6599999999999997,0.7849549260809972
ATL,2012-13,8.08125,1.98125,3.475,0.7162213204002108
ATL,2013-14,8.55,2.0125,3.73125,0.40616955533913807
ATL,2014-15,8.593333333333334,2.066666666666667,3.5466666666666664,0.3909124836035503
ATL,2015-16,8.126666666666667,1.98,3.54,0.3917022549267169
ATL,2016-17,7.577777777777778,1.761111111111111,3.4444444444444446,0.45212112147976885
ATL,2017-18,7.094736842105264,1.7789473684210524,3.1736842105263157,0.5623782158161189
ATL,2018-19,8.133333333333333,1.6888888888888889,3.6999999999999997,0.5159725093210579
ATL,2019-20,8.972222222222221,1.905555555555556,4.15,0.44561457009902095
ATL,2020-21,9.81764705882353,1.9411764705882353,3.8176470588235296,0.6059264473611897
ATL,2021-22,8.061904761904762,1.6142857142857143,3.3761904761904766,0.3697469303260209
ATL,2022-23,9.066666666666666,1.8333333333333333,3.6277777777777778,0.44607232426760907
BKN,2012-13,6.670588235294118,1.3705882352941177,2.988235294117647,0.48318092164684584
BKN,2013-14,8.505882352941176,1.8,3.1294117647058823,0.5280349921085179
BKN,2014-15,7.85,1.6625,3.40625,0.6925879806965067
BKN,2015-16,8.01764705882353,1.7411764705882353,3.5705882352941174,0.39983689107917986
BKN,2016-17,7.905555555555555,1.7166666666666666,3.3833333333333333,0.5571172192068058
BKN,2017-18,8.68888888888889,1.9333333333333331,3.3777777777777778,0.5962072844310212
BKN,2018-19,9.052941176470588,1.8764705882352941,3.7411764705882353,0.32322520635999885
BKN,2019-20,8.627272727272727,2.0727272727272728,3.5454545454545454,0.6037724259507191
BKN,2020-21,9.561904761904762,2.4523809523809526,3.8238095238095235,0.38526206184364575
BKN,2021-22,10.6,2.2058823529411766,4.276470588235294,0.33252579649263975
BKN,2022-23,8.475,2.185,3.59,0.7744427686266666
BOS,2000-01,7.62,1.8266666666666667,3.3333333333333335,0.7828160165372797
BOS,2001-02,8.121428571428572,1.8499999999999999,3.5928571428571425,0.7041986740582306
BOS,2002-03,7.233333333333333,1.52,3.433333333333333,0.45230688458668533
BOS,2003-04,7.685714285714285,1.55,3.257142857142857,0.3488360570031919
BOS,2004-05,9.583333333333334,2.058333333333333,3.966666666666667,0.6421165132560784
BOS,2005-06,8.135714285714286,1.6500000000000001,3.607142857142857,0.5200762468698006
BOS,2006-07,8.9375,1.68125,3.75625,0.3610191174223894
BOS,2007-08,8.42,1.9400000000000002,3.6133333333333337,0.5475884550556351
BOS,2008-09,8.186666666666666,1.8866666666666665,3.506666666666667,0.3171942605576092
BOS,2009-10,8.586666666666668,2.006666666666667,3.44,0.754660201039391
BOS,2010-11,8.4375,2.0,3.5250000000000004,0.42938999080000845
BOS,2011-12,7.329411764705882,1.776470588235294,3.317647058823529,0.6312611421769909
BOS,2012-13,7.947058823529411,2.070588235294118,3.364705882352941,0.45585553804470547
BOS,2013-14,7.4375,1.8062500000000001,3.48125,0.5600340105889055
BOS,2014-15,8.47857142857143,1.907142857142857,3.5928571428571425,0.5733551396716399
BOS,2015-16,7.873333333333333,1.7333333333333334,3.3466666666666667,0.3924272277627635
BOS,2016-17,8.666666666666666,1.98,3.4266666666666667,0.7847923138822792
BOS,2017-18,7.863157894736842,1.6631578947368422,3.3263157894736843,0.6875664116805573
BOS,2018-19,9.55625,2.18125,3.725,0.7697494707820945
BOS,2019-20,8.74705882352941,1.7647058823529411,3.682352941176471,0.7474136752138244
BOS,2020-21,9.094444444444443,1.822222222222222,4.038888888888889,0.5989499894055426
BOS,2021-22,6.968181818181819,1.4909090909090912,3.036363636363636,0.7609371175115585
BOS,2022-23,8.594444444444443,1.9888888888888887,3.761111111111111,0.34424625102595974
CHA,2004-05,7.394117647058824,1.7176470588235293,3.605882352941176,0.3979914312095726
CHA,2005-06,8.913333333333332,1.78,4.046666666666667,0.322613644455269
CHA,2006-07,8.48125,1.99375,3.4875000000000003,0.46266516538163216
CHA,2007-08,8.8,2.069230769230769,3.6692307692307695,0.494338644844741
CHA,2008-09,6.81764705882353,1.4941176470588236,3.2588235294117647,0.43567451588694794
CHA,2009-10,7.873333333333333,1.6133333333333333,3.786666666666667,0.7143687545759647
CHA,2010-11,6.66875,1.5125,3.175,0.47837666334679463
CHA,2011-12,7.28,1.56,3.2333333333333334,0.44046725484369037
CHA,2012-13,7.094444444444444,1.588888888888889,3.183333333333333,0.5713480415791242
CHA,2013-14,8.3,1.8,3.453333333333333,0.3704621124873813
CHA,2014-15,8.16875,1.8499999999999999,3.75625,0.7010984903770199
CHA,2015-16,8.549999999999999,1.7625,3.70625,0.3372753218398854
CHA,2016-17,7.394117647058823,1.6882352941176473,3.182352941176471,0.7934434683002587
CHA,2017-18,7.888235294117647,1.6117647058823528,3.5999999999999996,0.6861223846483286
CHA,2018-19,8.694117647058825,2.0,3.4588235294117644,0.3993578407670862
CHA,2019-20,8.778571428571428,2.1142857142857143,3.9642857142857144,0.3027610585618012
CHA,2020-21,8.894117647058822,2.1941176470588233,3.4823529411764707,0.7077307142274171
CHA,2021-22,9.047058823529412,2.088235294117647,3.4823529411764707,0.6534286719238085
CHA,2022-23,9.594117647058823,2.3058823529411767,3.5588235294117645,0.6645035840204936
CHH,2000-01,7.386666666666667,1.7733333333333334,3.6599999999999997,0.6856351733429729
CHH,2001-02,8.371428571428572,1.8857142857142857,3.8785714285714286,0.33702232586704517
CHI,2000-01,7.30625,1.93125,3.4375,0.4792328642721363
CHI,2001-02,7.723076923076922,1.8076923076923077,3.215384615384615,0.35793452976256485
CHI,2002-03,7.62,1.78,3.6333333333333333,0.7315517129377967
CHI,2003-04,7.64375,1.83125,3.93125,0.611649063413779
CHI,2004-05,7.706666666666666,1.7066666666666668,3.56,0.4654490124263246
CHI,2005-06,6.68235294117647,1.4588235294117649,3.105882352941176,0.3317791751430118
CHI,2006-07,8.042857142857143,1.842857142857143,3.707142857142857,0.4554911608578311
CHI,2007-08,8.16875,1.725,3.33125,0.4625916610133735
CHI,2008-09,9.907692307692308,2.1846153846153844,3.9076923076923076,0.664803089169032
CHI,2009-10,8.173333333333334,1.7133333333333334,3.7266666666666666,0.6187787356776066
CHI,2010-11,8.3,1.8285714285714287,3.9285714285714284,0.7436063712881633
CHI,2011-12,8.957142857142857,2.35,3.842857142857143,0.5361074625809746
CHI,2012-13,7.964285714285714,2.0214285714285714,3.75,0.35979712296915084
CHI,2013-14,7.3875,1.9312500000000001,3.3125,0.6566223936114974
CHI,2014-15,8.864285714285714,1.9285714285714286,3.992857142857143,0.6803925243084488
CHI,2015-16,8.979999999999999,2.146666666666667,4.3133333333333335,0.5806385987847481
CHI,2016-17,7.8999999999999995,1.8562500000000002,3.43125,0.6854835899772804
CHI,2017-18,7.984210526315789,1.9105263157894736,3.5157894736842104,0.5468977981821954
CHI,2018-19,9.538888888888888,1.9055555555555554,3.9000000000000004,0.561366414690997
CHI,2019-20,8.735294117647058,1.7294117647058822,3.5588235294117645,0.5137705091792748
CHI,2020-21,8.970588235294118,2.105882352941176,3.7823529411764705,0.3127095633720476
CHI,2021-22,8.305,1.7600000000000002,3.47,0.3539457134966522
CHI,2022-23,7.935294117647059,1.6764705882352942,3.129411764705882,0.3157145928433671
CLE,2000-01,7.300000000000001,1.6,3.3722222222222222,0.6182052056318902
CLE,2001-02,7.873333333333333,1.86,3.8866666666666663,0.4571779905381633
CLE,2002-03,8.658333333333333,2.0500000000000003,3.9250000000000003,0.5542853455823513
CLE,2003-04,7.6466666666666665,2.04,3.74,0.7537832369630465
CLE,2004-05,7.3875,1.6875,3.3,0.42464611457443746
CLE,2005-06,8.226666666666667,1.6066666666666667,3.5533333333333332,0.5051914615178148
CLE,2006-07,7.573333333333333,1.6,3.4266666666666667,0.6777755692715244
CLE,2007-08,7.65,1.7375,3.6625,0.4143990827458112
CLE,2008-09,7.4875,1.4375,3.39375,0.3384899549143965
CLE,2009-10,9.526666666666667,2.013333333333333,3.993333333333333,0.444875726456884
CLE,2010-11,8.50625,1.7875,3.875,0.3806106436270022
CLE,2011-12,7.65625,1.65625,3.8375,0.7648488261712865
CLE,2012-13,8.45625,1.9,3.9250000000000003,0.7040601897822085
CLE,2013-14,7.333333333333333,1.6277777777777778,3.322222222222222,0.6167018782552117
CLE,2014-15,8.31764705882353,1.8176470588235296,3.7588235294117647,0.7357302950938589
CLE,2015-16,8.58235294117647,1.8529411764705883,3.447058823529412,0.7018360384495572
CLE,2016-17,8.789473684210526,1.8736842105263158,3.8894736842105266,0.3932850294430179
CLE,2017-18,9.2,1.84375,3.56875,0.7462794992449888
CLE,2018-19,7.338095238095238,1.5285714285714287,3.5095238095238095,0.5696711209578253
CLE,2019-20,7.527777777777778,1.5444444444444445,3.9111111111111114,0.7037200775820313
CLE,2020-21,7.380952380952381,1.842857142857143,3.2666666666666666,0.7480456499617466
CLE,2021-22,8.19090909090909,1.9136363636363638,3.2590909090909093,0.4590017374859319
CLE,2022-23,8.617647058823529,1.9176470588235295,3.0470588235294116,0.35502596226383837
DAL,2000-01,8.446666666666667,1.7,3.7333333333333334,0.41396758127097083
DAL,2001-02,8.711764705882352,1.9529411764705884,3.5294117647058822,0.5135538943131281
DAL,2002-03,7.706250000000001,1.7,3.45625,0.7090073829612465
DAL,2003-04,9.569230769230769,2.0923076923076924,4.207692307692308,0.7303652916281718
DAL,2004-05,9.164285714285715,1.742857142857143,3.85,0.30347606526559534
DAL,2005-06,8.15625,1.54375,3.83125,0.5553736512887828
DAL,2006-07,7.739999999999999,1.4333333333333333,3.3466666666666667,0.5087055015743895
DAL,2007-08,8.413333333333334,2.04,3.8133333333333335,0.4110539052353651
DAL,2008-09,8.58,1.68,3.566666666666667,0.3599326836668414
DAL,2009-10,9.6,2.1076923076923078,4.176923076923077,0.46880758570181397
DAL,2010-11,9.093333333333334,2.0,3.58,0.7714548519562596
DAL,2011-12,7.680000000000001,1.7533333333333334,3.42,0.4616014660103776
DAL,2012-13,6.595238095238095,1.4428571428571428,2.761904761904762,0.559395310871683
DAL,2013-14,8.0,1.9133333333333336,3.1266666666666665,0.6515094794475889
DAL,2014-15,8.1,2.00625,3.49375,0.481814801189647
DAL,2015-16,8.593333333333334,1.8,3.853333333333333,0.7858910413604803
DAL,2016-17,7.0736842105263165,1.5736842105263158,2.8421052631578947,0.7812236474710557
DAL,2017-18,7.161904761904762,1.4761904761904763,3.195238095238095,0.42589114791268207
DAL,2018-19,8.2875,1.925,3.025,0.5486242529461927
DAL,2019-20,9.155555555555557,2.0166666666666666,3.816666666666667,0.4504391549083848
DAL,2020-21,8.558823529411764,1.6823529411764704,3.4705882352941178,0.4424202471887338
DAL,2021-22,7.233333333333333,1.7190476190476192,2.9,0.3184434736772664
DAL,2022-23,8.238095238095237,1.6333333333333333,2.6857142857142855,0.6047821669899485
DEN,2000-01,7.726666666666666,1.9733333333333334,3.7333333333333334,0.5513395116144307
DEN,2001-02,7.347058823529412,1.5647058823529412,3.9176470588235293,0.32573937562499466
DEN,2002-03,6.425,1.64375,3.3,0.4393232321183057
DEN,2003-04,7.473333333333333,1.6400000000000001,3.52,0.7541329429833268
DEN,2004-05,8.493333333333334,1.9666666666666666,3.6,0.4197809453334862
DEN,2005-06,7.676470588235294,1.7,3.4823529411764707,0.37244743604561154
DEN,2006-07,9.9,2.25,4.535714285714286,0.5447263801387815
DEN,2007-08,8.773333333333333,1.9666666666666666,3.7733333333333334,0.7928252270553003
DEN,2008-09,9.299999999999999,1.9461538461538461,3.9000000000000004,0.4210276357557502
DEN,2009-10,9.661538461538463,1.9538461538461538,3.9846153846153842,0.6360677737029392
DEN,2010-11,9.75,2.0571428571428574,4.0928571428571425,0.6808098076643587
DEN,2011-12,9.379999999999999,2.04,4.253333333333333,0.4188187719961998
DEN,2012-13,8.606666666666666,1.8933333333333335,3.6266666666666665,0.6641081743059298
DEN,2013-14,9.521428571428572,1.9714285714285715,4.0928571428571425,0.4838915663596266
DEN,2014-15,6.8277777777777775,1.6666666666666667,3.088888888888889,0.6161529152967897
DEN,2015-16,8.39375,1.925,3.71875,0.6167648553804473
DEN,2016-17,8.98235294117647,2.105882352941176,3.894117647058824,0.5678873420373792
DEN,2017-18,8.388235294117647,1.9058823529411764,3.5058823529411764,0.34514488502720414
DEN,2018-19,7.861111111111111,1.961111111111111,3.1500000000000004,0.717651247794619
DEN,2019-20,8.670588235294119,1.9588235294117646,3.588235294117647,0.4603900324858679
DEN,2020-21,8.911111111111111,2.05,3.4444444444444446,0.3932592551999271
DEN,2021-22,8.28,1.94,3.4850000000000003,0.32038757077738195
DEN,2022-23,9.70625,2.325,3.83125,0.5954464715941209
DET,2000-01,8.085714285714285,1.6071428571428572,3.692857142857143,0.6387821809211411
DET,2001-02,7.806666666666667,1.7133333333333334,3.1333333333333333,0.30829391446392806
DET,2002-03,7.08,1.5466666666666666,3.2333333333333334,0.5560465291496405
DET,2003-04,8.63076923076923,2.0076923076923077,4.061538461538462,0.41324788759896897
DET,2004-05,7.4399999999999995,1.8,3.6,0.6225863952047249
DET,2005-06,7.819999999999999,1.78,3.2666666666666666,0.3871832145024957
DET,2006-07,8.06,1.8466666666666667,3.6933333333333334,0.6454688690512329
DET,2007-08,7.693333333333333,1.78,3.3400000000000003,0.4933676731502687
DET,2008-09,8.876923076923077,1.9307692307692308,3.907692307692308,0.7683649943683672
DET,2009-10,8.957142857142857,1.9428571428571428,3.6999999999999997,0.3687604720729966
DET,2010-11,8.976923076923077,1.9538461538461538,3.5923076923076924,0.47053317552512924
DET,2011-12,7.885714285714286,1.6285714285714283,3.435714285714286,0.3567367606202945
DET,2012-13,8.385714285714286,2.0571428571428574,3.5857142857142854,0.7623468091392813
DET,2013-14,7.993333333333333,1.76,3.58,0.7386696766904906
DET,2014-15,8.253333333333334,1.9666666666666666,3.6,0.4289708138575778
DET,2015-16,8.153333333333332,1.6,3.6933333333333334,0.6299920230170895
DET,2016-17,8.24,1.8,3.6533333333333333,0.7086111001006079
DET,2017-18,7.783333333333333,1.9777777777777779,3.3944444444444444,0.5776004057997312
DET,2018-19,7.382352941176471,1.6058823529411765,3.217647058823529,0.5648252891780032
DET,2019-20,7.726315789473685,2.0,2.473684210526316,0.42092614545022583
DET,2020-21,8.688235294117646,2.0,3.4647058823529413,0.3465513839029496
DET,2021-22,7.272,1.848,3.392,0.7486078789766634
DET,2022-23,9.126315789473685,1.8421052631578947,3.5631578947368423,0.7502090285816652
GSW,2000-01,7.970000000000001,1.73,4.5200000000000005,0.616550728636634
GSW,2001-02,8.128571428571428,1.9000000000000001,3.8,0.46951489552435033
GSW,2002-03,7.35625,1.68125,3.475,0.47460478730633043
GSW,2003-04,7.447058823529411,1.7058823529411764,3.4176470588235297,0.6629778394351197
GSW,2004-05,9.176923076923076,1.9923076923076921,3.930769230769231,0.7485551299762885
GSW,2005-06,8.266666666666667,1.846666666666667,3.5200000000000005,0.7435432121325587
GSW,2006-07,9.375,1.99375,3.33125,0.6899377729288119
GSW,2007-08,8.3125,1.71875,3.4562500000000003,0.6210158230771439
GSW,2008-09,10.450000000000001,2.025,3.89375,0.3420699824975244
GSW,2009-10,10.9,2.1882352941176473,4.364705882352942,0.3808143570473069
GSW,2010-11,8.692857142857143,1.95,3.6571428571428575,0.7492770942635396
GSW,2011-12,7.088235294117647,1.5352941176470587,3.323529411764706,0.603214529829795
GSW,2012-13,8.278571428571428,1.9000000000000001,3.757142857142857,0.3045985258083148
GSW,2013-14,9.185714285714285,2.3642857142857143,4.25,0.35073577143301604
GSW,2014-15,8.513333333333334,2.0466666666666664,3.6799999999999997,0.6317508845540278
GSW,2015-16,8.813333333333333,2.1533333333333333,3.8,0.30253079192310933
GSW,2016-17,8.675,2.275,3.6875,0.3804040257087493
GSW,2017-18,8.770588235294117,2.2764705882352945,3.388235294117647,0.574366894683293
GSW,2018-19,9.117647058823529,2.2588235294117647,3.8764705882352946,0.6459475988463466
GSW,2019-20,9.0875,2.5187500000000003,3.5625,0.6259806297513002
GSW,2020-21,8.976470588235294,2.076470588235294,3.8705882352941177,0.4121346547302799
GSW,2021-22,9.4,2.4375,3.80625,0.6560896106737679
GSW,2022-23,9.611764705882353,2.447058823529412,3.5941176470588236,0.4186245437484
HOU,2000-01,8.364285714285714,1.5857142857142856,3.807142857142857,0.46269984907963385
HOU,2001-02,8.942857142857143,1.7285714285714284,4.071428571428571,0.6732457025590121
HOU,2002-03,7.8428571428571425,1.4928571428571427,3.664285714285714,0.6248164495236073
HOU,2003-04,6.933333333333334,1.5266666666666666,3.44,0.724611705247089
HOU,2004-05,7.0,1.8823529411764706,3.235294117647059,0.6288064461501717
HOU,2005-06,7.9375,1.71875,3.5625,0.5841543016677357
HOU,2006-07,8.914285714285715,1.7714285714285716,4.0,0.3468373839140462
HOU,2007-08,7.729411764705882,1.688235294117647,3.676470588235294,0.48385790152971675
HOU,2008-09,8.126666666666667,1.6666666666666667,3.646666666666667,0.4326011838408627
HOU,2009-10,8.075,1.79375,3.46875,0.4219948216895418
HOU,2010-11,8.413333333333334,1.8,3.6666666666666665,0.7865052773762228
HOU,2011-12,8.293333333333333,1.8866666666666667,3.8,0.4965488623333802
HOU,2012-13,8.607142857142858,2.0357142857142856,3.6214285714285714,0.7460232775885567
HOU,2013-14,9.28125,1.625,4.13125,0.6155693129986315
HOU,2014-15,8.91764705882353,1.9529411764705884,4.241176470588235,0.6974056517708243
HOU,2015-16,8.526666666666667,1.5599999999999998,3.646666666666667,0.551318546552596
HOU,2016-17,9.873333333333333,2.066666666666667,3.6866666666666665,0.5884519423131795
HOU,2017-18,8.763157894736842,1.6578947368421053,3.521052631578948,0.5462588469094319
HOU,2018-19,8.385000000000002,1.5,3.3199999999999994,0.39762149389902224
HOU,2019-20,8.26,1.48,3.1849999999999996,0.6612260576307527
HOU,2020-21,9.840909090909092,2.122727272727273,3.7454545454545456,0.4403861812204279
HOU,2021-22,8.95625,2.05625,3.4625,0.3121579832157269
HOU,2022-23,8.593333333333334,1.8533333333333333,3.5799999999999996,0.6227361479535839
IND,2000-01,7.239999999999999,1.72,3.433333333333333,0.38855533970352446
IND,2001-02,8.72,1.8866666666666665,4.033333333333333,0.7702292921764571
IND,2002-03,8.013333333333334,2.0533333333333332,3.586666666666667,0.7769642885012937
IND,2003-04,7.48,1.8466666666666667,3.2666666666666666,0.7574321951102243
IND,2004-05,8.6,1.5550000000000002,3.62,0.4850793501277222
IND,2005-06,8.506666666666666,1.8066666666666669,3.9733333333333336,0.3077283082644337
IND,2006-07,7.4,1.6066666666666667,3.453333333333333,0.7641592812938627
IND,2007-08,8.75625,2.1375,3.58125,0.5140920741586572
IND,2008-09,9.921428571428573,1.9714285714285715,4.042857142857143,0.7833274095218348
IND,2009-10,9.485714285714286,2.0,4.0928571428571425,0.7818099885446264
IND,2010-11,8.4,1.7666666666666666,3.74,0.72650472773368
IND,2011-12,7.92,1.5266666666666666,3.68,0.44722444603479283
IND,2012-13,7.13125,1.50625,3.59375,0.4925488643009626
IND,2013-14,8.406666666666666,1.7333333333333334,4.013333333333333,0.7255683357584284
IND,2014-15,8.813333333333333,1.9533333333333334,3.9733333333333336,0.4584610025781388
IND,2015-16,8.440000000000001,1.82,3.5933333333333333,0.38474637334304623
IND,2016-17,8.09375,1.8125,3.3375,0.5784006312291751
IND,2017-18,7.005263157894737,1.4263157894736842,2.9894736842105263,0.7680773870803905
IND,2018-19,8.382352941176471,2.0058823529411764,3.3000000000000003,0.6480148983374865
IND,2019-20,8.823529411764707,2.1,3.6,0.5850305850446824
IND,2020-21,9.38421052631579,1.9473684210526316,3.5315789473684207,0.34858824688538426
IND,2021-22,8.85,2.355,3.3,0.6075036133495848
IND,2022-23,9.283333333333333,2.227777777777778,3.433333333333333,0.7950269250521316
LAC,2000-01,7.885714285714286,1.6857142857142857,3.842857142857143,0.370042007618262
LAC,2001-02,7.60625,1.8,3.40625,0.5591648261818684
LAC,2002-03,9.08,1.72,4.326666666666667,0.7386865359639777
LAC,2003-04,7.8625,1.8125,3.775,0.6703843088771022
LAC,2004-05,7.935294117647059,2.2176470588235295,3.447058823529412,0.6485078704976339
LAC,2005-06,8.025,1.69375,3.53125,0.6512420419935546
LAC,2006-07,6.566666666666666,1.7722222222222221,2.9388888888888887,0.4797455756098776
LAC,2007-08,7.3999999999999995,1.5894736842105264,3.4684210526315793,0.44679592213224667
LAC,2008-09,9.46875,1.95,4.06875,0.7046805777392569
LAC,2009-10,7.45625,1.66875,2.96875,0.7050566973395904
LAC,2010-11,9.271428571428572,2.05,3.8714285714285714,0.7335361592900518
LAC,2011-12,8.846666666666666,1.8533333333333333,3.44,0.7566202762782357
LAC,2012-13,8.026666666666666,1.9733333333333332,3.18,0.5556711994304688
LAC,2013-14,8.622222222222224,1.8999999999999997,3.4444444444444446,0.5507581473435998
LAC,2014-15,7.394444444444444,1.7333333333333334,2.8555555555555556,0.6991475894833876
LAC,2015-16,8.525,1.85625,3.59375,0.6249819653888826
LAC,2016-17,8.686666666666667,1.84,3.466666666666667,0.6509834386288517
LAC,2017-18,9.689473684210526,1.8473684210526315,3.5894736842105264,0.6978963347180505
LAC,2018-19,7.936842105263159,1.6473684210526316,3.3947368421052633,0.7450026709087831
LAC,2019-20,9.91764705882353,2.0352941176470587,3.7764705882352945,0.4689975784257679
LAC,2020-21,9.06111111111111,1.9777777777777779,3.7722222222222226,0.487791476319972
LAC,2021-22,10.262500000000001,2.0625,3.825,0.3469909699204345
LAC,2022-23,10.394444444444444,2.538888888888889,3.8333333333333335,0.5891400704980869
LAL,2000-01,8.766666666666667,2.046666666666667,3.68,0.31797113689837103
LAL,2001-02,8.235714285714286,1.864285714285714,3.6714285714285713,0.53279900906623
LAL,2002-03,8.221428571428572,1.8714285714285714,3.7785714285714285,0.5713223173537882
LAL,2003-04,8.473333333333333,2.066666666666667,4.1466666666666665,0.4432706260641422
LAL,2004-05,8.393333333333334,1.74,3.806666666666666,0.5954166302845054
LAL,2005-06,6.876470588235295,1.5,3.129411764705882,0.3152501249695247
LAL,2006-07,9.1,2.1,3.8785714285714286,0.3186740943746072
LAL,2007-08,9.533333333333333,1.9866666666666668,4.3,0.7113002803298292
LAL,2008-09,8.333333333333334,1.8133333333333332,3.493333333333333,0.48009532070563143
LAL,2009-10,9.023076923076923,1.876923076923077,4.007692307692308,0.3635302563259424
LAL,2010-11,7.753333333333333,1.6866666666666668,3.5933333333333333,0.5611216300274022
LAL,2011-12,8.146666666666667,1.8733333333333335,3.9466666666666668,0.6849967765493055
LAL,2012-13,8.3375,2.00625,3.96875,0.4079105137484216
LAL,2013-14,9.25,2.4722222222222223,3.6944444444444446,0.6114452379095001
LAL,2014-15,9.372222222222222,2.0944444444444446,3.6666666666666665,0.342673732496884
LAL,2015-16,8.226666666666667,1.5266666666666666,3.7800000000000002,0.32584086058430384
LAL,2016-17,7.8875,1.61875,3.7,0.565677315784074
LAL,2017-18,7.5200000000000005,1.905,3.16,0.5703175608050532
LAL,2018-19,8.934999999999999,2.275,4.0,0.6187149507491032
LAL,2019-20,8.894444444444444,1.9388888888888889,3.522222222222222,0.6630456668613307
LAL,2020-21,9.36470588235294,2.052941176470588,4.1000000000000005,0.7879260397312673
LAL,2021-22,8.647619047619047,1.6904761904761905,3.5,0.5581501741505976
LAL,2022-23,9.916666666666666,2.25,3.938888888888889,0.46147823647062297
MEM,2001-02,8.152941176470588,2.1470588235294117,3.7176470588235295,0.6975930973843518
MEM,2002-03,7.833333333333333,1.8733333333333335,3.3800000000000003,0.4354161256310371
MEM,2003-04,7.626666666666666,1.8666666666666667,3.4733333333333336,0.5194857103528181
MEM,2004-05,7.993333333333334,1.7266666666666666,3.3666666666666667,0.33922819067113297
MEM,2005-06,7.7733333333333325,1.74,3.2333333333333334,0.31267537170772874
MEM,2006-07,8.860000000000001,2.0,3.64,0.7813242073389626
MEM,2007-08,7.807142857142857,1.4857142857142858,3.507142857142857,0.7179900602561029
MEM,2008-09,8.158333333333333,1.4000000000000001,3.6166666666666667,0.6479871030468489
MEM,2009-10,7.90625,1.575,3.525,0.5044764722071349
MEM,2010-11,8.38125,1.78125,3.4375,0.3866471600354229
MEM,2011-12,7.66875,1.6125,3.38125,0.378218521335543
MEM,2012-13,7.00625,1.55625,3.2,0.42512144908229765
MEM,2013-14,8.0375,1.925,3.425,0.5746133323530602
MEM,2014-15,6.949999999999999,1.4611111111111112,2.9444444444444446,0.6572979613500312
MEM,2015-16,6.828571428571429,1.5047619047619047,3.1142857142857148,0.6300986883588656
MEM,2016-17,8.2875,1.8,3.5625,0.4399669484729714
MEM,2017-18,8.861904761904762,2.119047619047619,3.261904761904762,0.777432640331597
MEM,2018-19,7.827272727272727,1.6590909090909092,3.2409090909090907,0.6689484583478842
MEM,2019-20,9.052941176470588,2.076470588235294,3.8,0.5771770262557003
MEM,2020-21,8.964705882352941,2.123529411764706,3.8117647058823527,0.6058603731171761
MEM,2021-22,7.377272727272726,1.65,3.040909090909091,0.5098000312138949
MEM,2022-23,9.305555555555555,2.3722222222222222,4.011111111111111,0.4238654947505787
MIA,2000-01,7.9375,1.6187500000000001,3.68125,0.4779863393256308
MIA,2001-02,6.96470588235294,1.6176470588235294,3.6176470588235294,0.6789230552321845
MIA,2002-03,7.771428571428571,1.6928571428571428,3.657142857142857,0.3071967443148779
MIA,2003-04,6.835294117647059,1.3470588235294116,3.235294117647059,0.3580363202534581
MIA,2004-05,8.586666666666668,1.76,3.6533333333333338,0.32300132101087636
MIA,2005-06,7.958823529411766,1.6294117647058823,3.4764705882352938,0.32036440115948506
MIA,2006-07,8.59375,1.8625,3.49375,0.7277302920055035
MIA,2007-08,8.573684210526316,1.8210526315789475,3.805263157894737,0.6518289296900118
MIA,2008-09,8.253333333333334,1.6266666666666665,3.5266666666666664,0.5370869145436625
MIA,2009-10,7.953333333333333,1.6400000000000001,3.54,0.34891708032550073
MIA,2010-11,8.025,1.54375,3.875,0.5458079375584162
MIA,2011-12,8.06,1.62,3.5733333333333333,0.5367358853902828
MIA,2012-13,7.7125,1.69375,3.03125,0.3866009349550076
MIA,2013-14,7.947058823529411,1.6411764705882355,2.9176470588235297,0.5169258246189865
MIA,2014-15,8.664705882352942,1.7,3.4941176470588236,0.4992523671986867
MIA,2015-16,9.813333333333333,2.3,4.293333333333334,0.6079250490261082
MIA,2016-17,9.807142857142859,2.2,4.192857142857142,0.6175468254338219
MIA,2017-18,8.405555555555557,1.8444444444444446,3.566666666666667,0.32265200488602225
MIA,2018-19,8.566666666666666,2.006666666666667,3.9466666666666668,0.4873063073132356
MIA,2019-20,8.294444444444444,1.9833333333333332,3.672222222222222,0.6129299578571181
MIA,2020-21,9.958823529411765,2.335294117647059,3.7411764705882353,0.5515681292900438
MIA,2021-22,8.4,1.9476190476190476,3.4952380952380957,0.7282449205941611
MIA,2022-23,9.658823529411764,2.023529411764706,3.929411764705882,0.6293468158094725
MIL,2000-01,7.86,1.8066666666666669,3.4866666666666664,0.38146721354071483
MIL,2001-02,8.807142857142857,2.1714285714285713,3.685714285714286,0.3352843737002149
MIL,2002-03,9.123076923076923,2.1307692307692307,4.092307692307693,0.6212096391031579
MIL,2003-04,8.65,2.1,3.8785714285714286,0.3132556552708109
MIL,2004-05,7.5,1.64,3.4200000000000004,0.5928877906367316
MIL,2005-06,8.3,1.8857142857142857,3.4785714285714286,0.7701151207124788
MIL,2006-07,8.6,1.8125,3.35625,0.5877370889379394
MIL,2007-08,8.857142857142858,2.257142857142857,3.9285714285714284,0.49408496310326094
MIL,2008-09,8.753333333333334,1.9133333333333333,3.6533333333333333,0.6216441092211766
MIL,2009-10,7.775,1.7,3.3249999999999997,0.5291264452457582
MIL,2010-11,8.433333333333334,1.6933333333333331,3.7,0.5728083946579674
MIL,2011-12,8.66875,2.05625,3.88125,0.7707324043882626
MIL,2012-13,8.206666666666667,1.88,3.933333333333333,0.4930513189003871
MIL,2013-14,8.125,1.71875,3.875,0.780595281911957
MIL,2014-15,7.48888888888889,1.9444444444444444,3.6500000000000004,0.7526753209780319
MIL,2015-16,8.05625,2.06875,3.35625,0.3978955673946482
MIL,2016-17,8.870588235294118,1.9823529411764707,3.5647058823529414,0.3346806504375827
MIL,2017-18,8.0,1.8157894736842106,3.0842105263157897,0.3503890006887133
MIL,2018-19,9.566666666666666,2.2777777777777777,4.322222222222222,0.30911091282577485
MIL,2019-20,9.48125,2.1625,4.08125,0.3472214803779642
MIL,2020-21,8.894736842105264,1.8842105263157893,3.6578947368421053,0.6415033867081784
MIL,2021-22,8.91578947368421,1.8894736842105262,3.710526315789474,0.3355943242301145
MIL,2022-23,9.55,2.1666666666666665,3.9055555555555554,0.45948781514688064
MIN,2000-01,7.58,1.94,3.2866666666666666,0.7224376554847273
MIN,2001-02,8.086666666666666,2.2666666666666666,3.493333333333333,0.3116359678679129
MIN,2002-03,8.464285714285714,2.2142857142857144,3.6999999999999997,0.7072342412944679
MIN,2003-04,7.39375,1.8,3.30625,0.44092738738669995
MIN,2004-05,8.635714285714286,1.9142857142857144,4.142857142857143,0.3590824138108281
MIN,2005-06,8.685714285714285,2.0785714285714283,3.4214285714285713,0.6483685826820753
MIN,2006-07,7.914285714285714,1.8785714285714286,3.35,0.614471423389942
MIN,2007-08,8.464285714285714,1.907142857142857,3.7357142857142853,0.7387360067635265
MIN,2008-09,8.366666666666667,1.7933333333333332,3.76,0.6675355219019429
MIN,2009-10,7.88,1.5533333333333335,3.6533333333333333,0.7017404651924243
MIN,2010-11,8.95,1.842857142857143,3.814285714285714,0.44101728628565323
MIN,2011-12,8.993333333333334,2.013333333333333,4.0200000000000005,0.3887197718898614
MIN,2012-13,8.461111111111112,1.9888888888888887,3.988888888888889,0.6753073758204291
MIN,2013-14,8.3375,1.71875,3.71875,0.703417369633632
MIN,2014-15,8.11578947368421,1.8105263157894735,3.8263157894736843,0.7952525710003366
MIN,2015-16,7.914285714285714,1.9357142857142855,3.5,0.5063088384557133
MIN,2016-17,8.586666666666668,1.9066666666666667,3.533333333333333,0.4860090428963916
MIN,2017-18,8.893333333333334,1.88,3.106666666666667,0.6882064803709984
MIN,2018-19,9.194444444444445,2.1444444444444444,3.5833333333333335,0.4704017701265089
MIN,2019-20,8.81764705882353,1.8705882352941177,3.288235294117647,0.7653786628017824
MIN,2020-21,9.6125,2.1625,3.7625,0.729206375921506
MIN,2021-22,8.58235294117647,2.0058823529411764,3.411764705882353,0.5144970136875091
MIN,2022-23,8.905555555555557,2.1222222222222222,3.3055555555555554,0.6754355338957487
NJN,2000-01,7.627777777777778,1.7444444444444445,3.788888888888889,0.6772714370423412
NJN,2001-02,7.607142857142857,1.9357142857142857,3.5,0.3515619344179663
NJN,2002-03,7.426666666666667,1.7933333333333332,3.5266666666666664,0.7512764533397833
NJN,2003-04,6.764705882352941,1.8352941176470587,3.088235294117647,0.5526261862239286
NJN,2004-05,7.9529411764705875,1.811764705882353,3.2941176470588234,0.7132287330538708
NJN,2005-06,7.266666666666667,1.9733333333333334,3.2933333333333334,0.46002480051530587
NJN,2006-07,8.326666666666666,1.88,3.506666666666667,0.7477616142481003
NJN,2007-08,8.484615384615385,1.7769230769230768,3.5461538461538464,0.49460083936708155
NJN,2008-09,8.364285714285714,1.7071428571428573,3.5357142857142856,0.30541882574014917
NJN,2009-10,8.08,1.5599999999999998,3.5933333333333333,0.7526909882096318
NJN,2010-11,7.347058823529412,1.8,3.070588235294118,0.34564333839306677
NJN,2011-12,7.709090909090909,1.4909090909090907,3.3318181818181816,0.4596568187952074
NOH,2002-03,7.733333333333333,2.0466666666666664,3.3866666666666663,0.7750309835254025
NOH,2003-04,8.58,1.9200000000000002,3.5266666666666664,0.7753035734687781
NOH,2004-05,7.172222222222222,1.7166666666666666,3.683333333333333,0.586718944061643
NOH,2007-08,8.073333333333332,1.6466666666666667,3.5133333333333336,0.6159186060848996
NOH,2008-09,8.385714285714286,1.6500000000000001,3.707142857142857,0.5242227609891599
NOH,2009-10,8.86923076923077,2.2384615384615385,3.6384615384615384,0.44660538584903225
NOH,2010-11,7.453333333333333,1.54,3.466666666666667,0.46433227268495797
NOH,2011-12,7.652380952380954,1.6142857142857143,3.538095238095238,0.6362592280385192
NOH,2012-13,7.2294117647058815,1.6058823529411765,3.1705882352941175,0.67618726471884
NOK,2005-06,7.411764705882353,1.3411764705882354,3.4058823529411764,0.6957895218629242
NOK,2006-07,9.286666666666665,1.6666666666666667,4.073333333333333,0.694809071397277
NOP,2013-14,8.299999999999999,1.7,3.4947368421052634,0.3456030515243452
NOP,2014-15,8.35625,2.025,3.5375,0.5472101523512907
NOP,2015-16,8.994736842105263,2.068421052631579,3.7526315789473683,0.32877938000832213
NOP,2016-17,9.01764705882353,2.0411764705882356,3.7058823529411766,0.5747644411618678
NOP,2017-18,8.605555555555556,2.0555555555555554,3.5888888888888886,0.5207652506866884
NOP,2018-19,9.588235294117647,2.2294117647058824,4.029411764705882,0.7438520913791499
NOP,2019-20,9.970588235294118,2.2588235294117647,4.052941176470588,0.47545750627603933
NOP,2020-21,8.883333333333333,2.0611111111111113,3.8444444444444446,0.3585335082138029
NOP,2021-22,8.661111111111111,1.9722222222222223,3.55,0.3714958410264179
NOP,2022-23,10.50625,2.31875,3.85625,0.680755315858736
NYK,2000-01,8.114285714285714,1.85,3.942857142857143,0.6091090316581305
NYK,2001-02,8.05,1.7714285714285716,3.957142857142857,0.3505613380613951
NYK,2002-03,8.353846153846153,1.9692307692307693,3.423076923076923,0.3420534030574987
NYK,2003-04,8.025,1.63125,3.4937500000000004,0.6504845657295599
NYK,2004-05,8.226666666666667,1.7266666666666666,3.106666666666667,0.33638150318209675
NYK,2005-06,8.55625,1.825,3.54375,0.7109300296451782
NYK,2006-07,8.566666666666666,1.7,4.04,0.6531211135782481
NYK,2007-08,8.713333333333335,1.7,3.7866666666666666,0.34067439032094987
NYK,2008-09,8.076470588235296,1.4294117647058824,3.476470588235294,0.34241885704259595
NYK,2009-10,9.842857142857143,1.9642857142857142,4.0928571428571425,0.7933197892505877
NYK,2010-11,8.273333333333333,1.6266666666666667,3.3400000000000003,0.48713539787806015
NYK,2011-12,8.24705882352941,1.8470588235294119,3.623529411764706,0.48532107353344545
NYK,2012-13,8.105555555555556,1.3722222222222222,4.233333333333333,0.7063997836287512
NYK,2013-14,7.68235294117647,1.4529411764705882,3.4588235294117644,0.7736242886919293
NYK,2014-15,8.61875,1.875,3.7,0.7930005319114355
NYK,2015-16,7.8812500000000005,1.65,3.475,0.6766890926294709
NYK,2016-17,8.413333333333334,1.6333333333333333,3.8866666666666663,0.48812979276545787
NYK,2017-18,8.257894736842106,2.0210526315789474,3.3,0.34175035834933437
NYK,2018-19,8.623529411764705,1.911764705882353,3.935294117647059,0.6885734579637184
NYK,2019-20,7.294444444444445,1.8277777777777777,3.177777777777778,0.5792021248679025
NYK,2020-21,8.3125,1.63125,3.68125,0.5121110046234881
NYK,2021-22,7.233333333333333,1.5476190476190477,3.1714285714285713,0.753177192547368
NYK,2022-23,9.75625,2.0625,4.10625,0.35559874115307566
OKC,2008-09,8.25625,1.7874999999999999,3.8375,0.5463125521454295
OKC,2009-10,7.447058823529411,1.3941176470588235,3.264705882352941,0.3056768223837095
OKC,2010-11,7.7733333333333325,1.5333333333333334,3.5799999999999996,0.5343303209970631
OKC,2011-12,7.51875,1.53125,3.18125,0.32815163784091866
OKC,2012-13,8.053333333333333,1.5733333333333335,3.4466666666666668,0.35940895813403595
OKC,2013-14,7.51111111111111,1.6055555555555556,3.177777777777778,0.35876312338855243
OKC,2014-15,10.225,1.9124999999999999,4.18125,0.6246051510580317
OKC,2015-16,8.486666666666666,1.7266666666666668,3.7866666666666666,0.6730224396327116
OKC,2016-17,8.973333333333333,1.7,4.046666666666667,0.5916843825485798
OKC,2017-18,7.466666666666667,1.6111111111111112,3.1666666666666665,0.781086274237271
OKC,2018-19,8.200000000000001,1.7294117647058822,3.5470588235294116,0.487435289761852
OKC,2019-20,7.9941176470588236,1.5647058823529412,3.3588235294117648,0.44285604314093036
OKC,2020-21,9.505555555555555,2.183333333333333,3.672222222222222,0.7342995640947301
OKC,2021-22,8.607692307692307,1.8653846153846154,4.092307692307693,0.4117979192597263
OKC,2022-23,9.70625,2.0375,3.775,0.7816112697203057
ORL,2000-01,8.386666666666667,2.1266666666666665,3.6866666666666665,0.30607723734490816
ORL,2001-02,8.24375,1.8125,3.6125,0.7849394133538194
ORL,2002-03,8.860000000000001,1.8866666666666667,3.646666666666667,0.32157995597528805
ORL,2003-04,7.239999999999999,1.3533333333333333,3.2800000000000002,0.7455715568490355
ORL,2004-05,7.65,1.65625,3.51875,0.5638505545431499
ORL,2005-06,7.5875,1.4875,3.26875,0.7964823980596502
ORL,2006-07,7.8,1.5799999999999998,3.3466666666666667,0.3368982823676994
ORL,2007-08,8.086666666666666,1.6,3.246666666666667,0.5769271422006603
ORL,2008-09,9.299999999999999,2.0,3.8000000000000003,0.7846512678095494
ORL,2009-10,9.666666666666666,1.9083333333333332,3.975,0.5615489220850745
ORL,2010-11,9.766666666666666,2.0,4.133333333333334,0.6146993190676313
ORL,2011-12,7.44375,1.6125,3.4375,0.6478743444923085
ORL,2012-13,8.678571428571429,2.107142857142857,3.95,0.5272705323838867
ORL,2013-14,8.007142857142856,1.7857142857142858,3.8,0.6137790400420318
ORL,2014-15,8.266666666666667,1.76,3.6733333333333333,0.5921571559615502
ORL,2015-16,8.18,1.98,3.4133333333333336,0.7505790052454945
ORL,2016-17,6.727777777777778,1.4944444444444445,2.95,0.3227231901707289
ORL,2017-18,8.623529411764705,1.688235294117647,3.570588235294118,0.44048159479611515
ORL,2018-19,7.882352941176471,2.0058823529411764,3.5352941176470587,0.7752057420382794
ORL,2019-20,7.810526315789474,1.7,3.6,0.7451318919454581
ORL,2020-21,7.854545454545455,1.8590909090909091,3.4,0.5278283763928564
ORL,2021-22,8.3,1.9904761904761903,3.6476190476190475,0.6100662989007684
ORL,2022-23,9.152941176470588,1.9294117647058822,3.8176470588235287,0.43869059149056633
PHI,2000-01,8.0,1.7625,4.15,0.39406057986188064
PHI,2001-02,6.747368421052631,1.4736842105263157,3.3000000000000003,0.531849202469991
PHI,2002-03,8.642857142857142,1.8928571428571428,4.185714285714286,0.4766761140130264
PHI,2003-04,9.107142857142858,1.8785714285714286,4.042857142857143,0.5918280559254361
PHI,2004-05,8.557142857142857,1.992857142857143,3.757142857142857,0.3388673184824924
PHI,2005-06,7.675,1.43125,3.1375,0.7871974038330832
PHI,2006-07,6.95,1.51875,3.2875,0.7931053722398014
PHI,2007-08,7.661538461538461,1.646153846153846,3.4538461538461536,0.6490808570098725
PHI,2008-09,8.753846153846155,1.7000000000000002,3.8846153846153846,0.5680481831720602
PHI,2009-10,8.907142857142857,1.9142857142857144,3.5785714285714287,0.45476380814316386
PHI,2010-11,7.666666666666667,1.74,3.36,0.7068975098534743
PHI,2011-12,7.21875,1.70625,3.6,0.6423655862769396
PHI,2012-13,8.1,1.9533333333333334,3.5133333333333336,0.38130846967244564
PHI,2013-14,6.138888888888889,1.3666666666666667,2.6666666666666665,0.7554635922469213
PHI,2014-15,6.470000000000001,1.4949999999999999,3.09,0.7112686214615844
PHI,2015-16,8.992857142857144,1.957142857142857,3.9285714285714284,0.774899956645962
PHI,2016-17,9.575,2.04375,4.075,0.66285975419418
PHI,2017-18,8.38421052631579,1.9578947368421054,3.4210526315789473,0.6067075979678949
PHI,2018-19,9.047368421052632,1.9789473684210528,3.905263157894737,0.5091215181453095
PHI,2019-20,9.429411764705883,2.135294117647059,3.9647058823529413,0.7663642416770067
PHI,2020-21,7.838095238095238,1.6666666666666667,3.0238095238095237,0.7330319447502042
PHI,2021-22,7.7368421052631575,1.7789473684210524,3.2842105263157895,0.3226093350530947
PHI,2022-23,10.411111111111111,2.2333333333333334,3.605555555555556,0.313183487248626
PHX,2000-01,8.584615384615384,2.3,3.9923076923076923,0.4882316834390248
PHX,2001-02,7.053333333333333,1.7733333333333332,3.36,0.7052766653909164
PHX,2002-03,7.835714285714286,1.757142857142857,3.6714285714285713,0.7936380646574722
PHX,2003-04,8.958333333333334,1.6500000000000001,4.3,0.3752084455517641
PHX,2004-05,9.107142857142858,2.0571428571428574,3.692857142857143,0.5970653576760676
PHX,2005-06,8.86875,1.8875,3.7375,0.49044542831551075
PHX,2006-07,9.135714285714286,2.085714285714286,3.414285714285714,0.7849571989073016
PHX,2007-08,9.661538461538461,2.207692307692308,3.6846153846153844,0.7210594615678543
PHX,2008-09,9.700000000000001,2.0428571428571427,3.7357142857142853,0.7191643523555689
PHX,2009-10,8.678571428571429,1.7642857142857142,3.4857142857142853,0.5343465798974851
PHX,2010-11,8.585714285714285,1.9857142857142858,3.242857142857143,0.5074097511688326
PHX,2011-12,8.638461538461538,2.0076923076923077,3.646153846153846,0.4367035359653531
PHX,2012-13,7.8533333333333335,1.7933333333333334,3.6133333333333337,0.32818774832546355
PHX,2013-14,8.5,1.6266666666666665,3.4866666666666664,0.7323611881275266
PHX,2014-15,7.452941176470588,1.3882352941176472,3.2235294117647055,0.7064505045650388
PHX,2015-16,8.76875,1.825,3.7562499999999996,0.7998588366430652
PHX,2016-17,8.223529411764707,1.4941176470588236,3.5823529411764703,0.7983184185369527
PHX,2017-18,8.855555555555556,2.0944444444444446,3.8388888888888886,0.5777158528013138
PHX,2018-19,9.064705882352941,1.9352941176470588,3.394117647058824,0.6844937075902553
PHX,2019-20,9.341176470588236,2.111764705882353,3.8176470588235296,0.772382864941214
PHX,2020-21,8.86875,2.03125,3.4125,0.7248236953387057
PHX,2021-22,7.695454545454546,1.9454545454545453,3.4454545454545453,0.4236740508715988
PHX,2022-23,10.8,2.56875,3.89375,0.5252720676550467
POR,2000-01,7.80625,2.13125,3.3625,0.3645797075757475
POR,2001-02,7.666666666666667,1.96,3.48,0.7770255136293611
POR,2002-03,7.246666666666667,1.8066666666666669,3.14,0.6030873172254401
POR,2003-04,5.878947368421053,1.3105263157894735,2.9263157894736844,0.41432140275173135
POR,2004-05,8.14375,1.775,3.61875,0.6358503422029284
POR,2005-06,7.835714285714286,1.5999999999999999,3.5142857142857147,0.609064120228948
POR,2006-07,7.393750000000001,1.41875,3.29375,0.47908135901642024
POR,2007-08,8.169230769230769,1.7615384615384615,3.5615384615384613,0.3567787960998145
POR,2008-09,7.857142857142857,1.5857142857142856,3.4071428571428575,0.6357865977963998
POR,2009-10,8.54,1.6400000000000001,4.346666666666667,0.5601538504518966
POR,2010-11,7.7375,1.65,3.4875000000000003,0.6861591958678197
POR,2011-12,7.878571428571428,1.6357142857142857,3.25,0.5600817505559967
POR,2012-13,7.7,1.8266666666666669,3.2733333333333334,0.72609075015927
POR,2013-14,8.26,1.8133333333333332,3.76,0.5759534193872428
POR,2014-15,8.85625,1.9875,3.9,0.5804689857676931
POR,2015-16,7.675,1.7,3.2625,0.7383268013291725
POR,2016-17,8.814285714285713,1.6785714285714286,3.7142857142857144,0.5017414331061985
POR,2017-18,8.306666666666667,1.5333333333333334,3.5866666666666664,0.36700761422532036
POR,2018-19,9.4125,1.8125,4.03125,0.3143913381566695
POR,2019-20,10.05625,1.8375,4.5,0.6775686278368095
POR,2020-21,9.620000000000001,1.8133333333333332,3.8466666666666667,0.6101547756767323
POR,2021-22,8.475,2.3,3.766666666666667,0.6520398840496118
POR,2022-23,9.338095238095239,2.0761904761904764,3.195238095238095,0.40648208075445535
SAC,2000-01,8.442857142857143,1.8642857142857143,3.7285714285714286,0.36818573779338487
SAC,2001-02,9.461538461538462,2.123076923076923,4.115384615384615,0.30727233283394095
SAC,2002-03,9.392857142857142,2.25,4.135714285714285,0.4752937794032985
SAC,2003-04,9.984615384615385,2.4615384615384617,4.146153846153846,0.5949588434273165
SAC,2004-05,9.373333333333333,1.8866666666666667,3.8733333333333335,0.49612202254986615
SAC,2005-06,8.585714285714285,1.9000000000000001,3.657142857142857,0.5187374610118645
SAC,2006-07,8.357142857142858,1.6500000000000001,3.585714285714286,0.7520793472468742
SAC,2007-08,7.770588235294118,1.5647058823529412,3.3117647058823527,0.47412773351165016
SAC,2008-09,8.328571428571427,1.4642857142857142,3.064285714285714,0.5569947445799054
SAC,2009-10,7.7375,1.44375,3.80625,0.6918265063705715
SAC,2010-11,7.946666666666667,1.6866666666666668,3.3266666666666667,0.49827139116063507
SAC,2011-12,8.335714285714285,1.6285714285714286,3.557142857142857,0.6110433501139367
SAC,2012-13,8.564285714285715,1.6857142857142857,3.4214285714285717,0.7311818543733726
SAC,2013-14,7.2375,1.3,3.58125,0.7747603118288211
SAC,2014-15,7.7,1.776470588235294,3.423529411764706,0.37353674046451896
SAC,2015-16,9.32,2.066666666666667,3.9866666666666664,0.7632938125807471
SAC,2016-17,8.79375,2.03125,3.24375,0.5460581465397691
SAC,2017-18,8.0,1.69375,3.7312499999999997,0.42912219414947916
SAC,2018-19,9.105882352941178,1.8470588235294116,3.7294117647058824,0.5295678781191306
SAC,2019-20,9.5,1.7777777777777777,4.072222222222222,0.7900162876427386
SAC,2020-21,8.863157894736842,1.9210526315789473,3.452631578947368,0.5463090469964348
SAC,2021-22,8.695,1.78,3.585,0.4643758051437541
SAC,2022-23,7.075,1.625,2.7,0.6167004271583629
SAS,2000-01,7.513333333333334,1.7,3.506666666666667,0.4200728093890965
SAS,2001-02,7.56,1.5733333333333335,3.32,0.33793166405433195
SAS,2002-03,8.284615384615385,1.7769230769230768,3.723076923076923,0.3644398609553246
SAS,2003-04,7.047058823529412,1.6764705882352942,3.288235294117647,0.3640229194788862
SAS,2004-05,7.8125,1.55625,3.6125,0.37595134675614716
SAS,2005-06,7.326666666666666,1.6066666666666667,3.1666666666666665,0.36941358632470506
SAS,2006-07,7.98,1.7133333333333334,3.3800000000000003,0.6204373724016072
SAS,2007-08,7.364705882352942,1.6588235294117646,3.1705882352941175,0.3909400421995724
SAS,2008-09,7.268421052631578,1.5789473684210527,3.1842105263157894,0.4728336416619316
SAS,2009-10,8.564285714285715,1.8357142857142859,3.4499999999999997,0.7483942049530059
SAS,2010-11,7.56875,1.65625,3.08125,0.5369808201314361
SAS,2011-12,7.621052631578948,1.9263157894736842,3.3368421052631576,0.6337788692605135
SAS,2012-13,8.653333333333334,2.14,3.5,0.3861599356008149
SAS,2013-14,8.24,1.96,3.5533333333333332,0.3961445094043354
SAS,2014-15,8.26,1.9600000000000002,3.493333333333333,0.3204343081332394
SAS,2015-16,7.638888888888889,1.8222222222222224,3.072222222222222,0.38446753153608226
SAS,2016-17,7.91875,1.85625,3.2875,0.4392951695159793
SAS,2017-18,7.616666666666666,1.6777777777777778,3.2777777777777777,0.3885052421383734
SAS,2018-19,8.32,1.8133333333333332,3.373333333333333,0.3443512668785278
SAS,2019-20,8.594117647058823,1.8352941176470587,3.611764705882353,0.3603179355503004
SAS,2020-21,8.576470588235296,1.8647058823529412,3.4823529411764707,0.5303893840163629
SAS,2021-22,7.861111111111111,1.8499999999999999,3.411111111111111,0.40316685920289624
SAS,2022-23,8.314285714285713,2.1142857142857143,3.4000000000000004,0.4821349305240377
SEA,2000-01,8.207142857142857,1.907142857142857,3.4857142857142853,0.5517086354274284
SEA,2001-02,8.137500000000001,1.91875,3.61875,0.6451974143146826
SEA,2002-03,7.421428571428572,1.4928571428571427,3.4499999999999997,0.31965606992054946
SEA,2003-04,8.45,1.8928571428571428,3.4499999999999997,0.6997051994545214
SEA,2004-05,7.926666666666667,1.3933333333333333,3.2933333333333334,0.6139501947454539
SEA,2005-06,8.028571428571428,1.7,3.314285714285714,0.34087951597443594
SEA,2006-07,7.85,1.675,3.10625,0.7367893120533886
SEA,2007-08,6.464705882352941,1.4705882352941178,3.264705882352941,0.7604362002659066
TOR,2000-01,7.066666666666666,1.6933333333333331,3.6733333333333333,0.33053897992743186
TOR,2001-02,7.65,1.76875,3.55625,0.43843882407360185
TOR,2002-03,8.022222222222222,1.5388888888888888,3.783333333333333,0.7031006398965307
TOR,2003-04,7.6625,1.93125,3.46875,0.6741298451918292
TOR,2004-05,8.285714285714286,1.8714285714285714,3.5928571428571425,0.39226050967818865
TOR,2005-06,7.786666666666666,1.5666666666666667,3.606666666666667,0.40467466166835514
TOR,2006-07,7.78125,1.7,3.06875,0.485236051395691
TOR,2007-08,7.64375,1.7875,3.2125,0.5422614925955107
TOR,2008-09,7.1875,1.5875000000000001,3.19375,0.609127385765148
TOR,2009-10,8.406666666666666,1.7466666666666666,3.3866666666666663,0.4844568197848862
TOR,2010-11,7.894117647058823,1.758823529411765,3.7235294117647055,0.5312673580665739
TOR,2011-12,7.529411764705882,1.9,3.5588235294117645,0.6737354690668782
TOR,2012-13,8.78,1.6800000000000002,3.54,0.31834160144529894
TOR,2013-14,7.8,1.7533333333333334,3.4866666666666664,0.42621847217201037
TOR,2014-15,7.625,1.59375,3.15,0.6566747929422763
TOR,2015-16,8.10625,1.425,3.56875,0.7476034188435996
TOR,2016-17,8.8625,1.575,3.925,0.555838721057833
TOR,2017-18,8.05625,1.7312500000000002,3.19375,0.5660567426326578
TOR,2018-19,8.661111111111111,2.0611111111111113,3.4166666666666665,0.353586005669888
TOR,2019-20,8.516666666666667,1.9722222222222223,3.5388888888888888,0.5237061834117274
TOR,2020-21,9.355555555555556,2.1666666666666665,3.9000000000000004,0.5663086332275116
TOR,2021-22,7.915000000000001,1.6,3.35,0.4212352518173648
TOR,2022-23,8.977777777777778,1.961111111111111,3.633333333333333,0.43462161547469047
UTA,2000-01,7.6000000000000005,1.9785714285714284,3.185714285714286,0.4886420815523113
UTA,2001-02,8.321428571428571,2.1357142857142857,3.607142857142857,0.3100355988888632
UTA,2002-03,8.076923076923077,2.1,3.553846153846154,0.46103958279158913
UTA,2003-04,6.982352941176471,1.5470588235294118,3.764705882352941,0.4057240034982723
UTA,2004-05,7.89375,1.96875,3.51875,0.4637486760889573
UTA,2005-06,8.133333333333333,1.8466666666666667,3.7266666666666666,0.3598810659096256
UTA,2006-07,8.164285714285715,1.9642857142857142,3.507142857142857,0.7452636403699475
UTA,2007-08,8.564285714285715,2.092857142857143,3.4,0.5967962267770244
UTA,2008-09,8.833333333333334,2.0466666666666664,3.7133333333333334,0.6395511595722447
UTA,2009-10,8.923076923076923,2.1846153846153844,3.646153846153846,0.6945856193036691
UTA,2010-11,7.66875,1.75,3.2625,0.5492210994645286
UTA,2011-12,7.966666666666667,1.7933333333333332,3.453333333333333,0.34346014404371183
UTA,2012-13,8.242857142857144,2.107142857142857,3.478571428571428,0.5685532709092739
UTA,2013-14,6.841176470588235,1.5823529411764705,3.3117647058823527,0.5934205590104396
UTA,2014-15,7.48125,1.5875,3.23125,0.6727197370921649
UTA,2015-16,7.83125,1.5375,3.5625,0.5158297731148397
UTA,2016-17,8.666666666666666,1.72,3.646666666666667,0.36379015139778187
UTA,2017-18,6.63,1.395,2.8899999999999997,0.4418879528993622
UTA,2018-19,8.088235294117647,1.911764705882353,3.4352941176470586,0.48154114819931754
UTA,2019-20,7.894444444444444,1.688888888888889,3.2666666666666666,0.6229586206658007
UTA,2020-21,8.335294117647058,1.7176470588235293,3.341176470588235,0.5853891523344559
UTA,2021-22,7.81,1.425,3.41,0.4780483629489231
UTA,2022-23,8.010000000000002,1.69,3.315,0.7932576243964898
VAN,2000-01,7.607142857142857,2.05,3.3285714285714287,0.6028874096784436
WAS,2000-01,7.713333333333334,1.68,3.36,0.41861339586799723
WAS,2001-02,8.664285714285715,1.8928571428571428,3.892857142857143,0.35089123631020186
WAS,2002-03,7.26875,1.5125,3.4875,0.376429569592166
WAS,2003-04,8.566666666666666,1.74,3.8866666666666663,0.42297886419225406
WAS,2004-05,8.48125,1.60625,3.73125,0.3803406866297778
WAS,2005-06,8.307142857142857,1.4857142857142858,3.4785714285714286,0.39328351202565287
WAS,2006-07,7.9,1.53125,3.3625000000000003,0.44254758434692354
WAS,2007-08,10.541666666666666,2.1999999999999997,4.116666666666666,0.3866867976473774
WAS,2008-09,9.146666666666667,2.393333333333333,3.9733333333333336,0.7483827123132125
WAS,2009-10,7.8500000000000005,1.8444444444444446,2.816666666666667,0.3401168728308211
WAS,2010-11,7.647058823529412,1.4411764705882353,3.3058823529411763,0.5622556947851274
WAS,2011-12,7.088888888888889,1.3555555555555556,3.5555555555555554,0.5051984134948307
WAS,2012-13,8.364285714285714,1.9428571428571428,3.957142857142857,0.7911893084543031
WAS,2013-14,8.6,1.9066666666666667,3.7133333333333334,0.35601945108402616
WAS,2014-15,7.65,1.8687500000000001,3.45625,0.4989277995228708
WAS,2015-16,8.823529411764707,1.8882352941176472,3.552941176470588,0.7847352166376844
WAS,2016-17,8.452941176470588,1.9,3.3588235294117648,0.7327535629469901
WAS,2017-18,8.746666666666666,2.2866666666666666,3.7066666666666666,0.70853603547464
WAS,2018-19,9.110526315789473,2.121052631578947,3.7315789473684204,0.4289514135224699
WAS,2019-20,8.50952380952381,1.9,3.276190476190476,0.3854437936950329
WAS,2020-21,8.838888888888889,1.9166666666666667,3.6333333333333337,0.6343216099622155
WAS,2021-22,6.826086956521739,1.6521739130434783,2.743478260869565,0.7646879945637929
WAS,2022-23,8.23,1.97,3.2350000000000003,0.5783814465069649
MIN,2000-00,7.602858462735072,1.6233529134351912,3.763593052917813,0.529283508114302
BKN,2001-01,7.640928482995363,2.062847420506027,3.6349095202376636,0.7212348213208568
NYK,2002-02,7.70962246396749,1.9481523841433042,3.414109780906233,0.318273177409898
DET,2003-03,7.130408711127026,1.9028325092599951,3.181039221822909,0.5509414903075954
LAL,2004-04,8.557425729234058,1.7678539883360478,3.5491972247677253,0.34332822232769816
UTA,2005-05,8.409265160988083,1.7321129817569616,3.72210872803567,0.3545427716693392
MEM,2006-06,8.830059750092705,1.8191905574441036,3.49983915876028,0.7048069101745017
NJN,2007-07,7.705854613425937,1.8358549208853367,2.831656180976244,0.3501224439548615
CLE,2008-08,8.554899824113058,1.9802561890890076,3.9221273732732627,0.377177592902011
HOU,2009-09,8.390135372982563,1.4159050199080152,3.311077238207025,0.44453003063207613
PHX,2010-00,9.579016722582939,2.100360698575786,3.458018130087342,0.8052783274199891
CLE,2011-01,8.441497317630569,1.8116532191514578,3.8282183008533126,0.7709326845623549
DAL,2012-02,8.091454387551648,1.8803251010982946,3.2652859308451836,0.8220485645364641
POR,2013-03,10.311398194791161,1.7003779437836384,5.118167584984816,0.6845843313519057
ATL,2014-04,6.695949254964901,1.764760025521189,2.510832013526929,0.4811968289462013
CHI,2015-05,9.3604394810997,2.291702004201302,3.830830589060177,0.4970019340547726
UTA,2016-06,7.673056976908385,1.2574017579924475,3.5817153165450595,0.6694117567292946
MEM,2017-07,5.8213892952577755,1.5461654296557024,2.9411283983748504,0.4512408474288414
POR,2018-08,7.563493456851581,1.6186539203554948,2.7966909031365854,0.6843358134766959
DAL,2019-09,8.199279181448146,2.218730301975024,3.3602662719625984,0.4370138032192569
PHI,2020-00,7.6670280427363675,1.5110094483792649,3.1586065175561115,0.5967403501240459
IND,2021-01,9.1140404166977,2.1470399657709405,2.9170879474223996,0.6048843558229383
WAS,2000-02,7.087992379136486,1.613330834823301,2.9021336344383264,0.3510332163220614
ATL,2001-03,7.450780476291474,1.7067018112962522,3.390699587241314,0.637238670967808
IND,2002-04,9.520655959850068,2.429856011115461,3.6426979363615053,0.5961979178216031
UTA,2003-05,7.226861105567866,1.7326310445739617,2.926253290343884,0.5410069262824803
DET,2004-06,8.093650146267505,1.8747919582955501,2.6535923873992293,0.29503963902666946
ATL,2005-07,7.204463141045657,1.7320967881800602,3.352983075086025,0.6756278430454191
DEN,2006-08,9.951768439493682,2.2715440900563397,3.417941646741716,0.40853107721232423
UTA,2007-09,7.924646257679448,1.9583842267611717,3.830251034742103,0.486180781925371
SAS,2008-00,7.616410403473859,1.345070269902021,3.504420401501547,0.5066118412521413
MEM,2009-01,8.127018398274481,1.8705208059000382,3.789343740172204,0.5994903910047865
MEM,2010-02,7.97253343216568,1.193468495464003,3.4642131000678003,0.3761580573075987
SEA,2011-03,7.167076675173578,1.4441681117825738,3.533183109384578,0.6384528417088113
MEM,2012-04,7.374604491854394,1.5981499114839548,2.8487610604783358,0.5105590399397039
POR,2013-05,7.408115587109322,1.896737384275207,3.538018557742574,0.6888700877109923
NOH,2014-06,6.807602339341819,1.7440705563871135,3.1807081963088963,0.6437079209781634
SAS,2015-07,9.07003168829965,1.586306614915339,3.5011585602425326,0.5145880575136573
CHI,2016-08,7.723913508200204,1.688572501776423,3.4578440092194036,0.7093770728638409
SAC,2017-09,9.227142565747437,1.9511917076362535,4.246050346411374,0.5071402653576349
MEM,2018-00,8.47117270936403,1.950665801997007,3.368805141552926,0.37860582514508945
HOU,2019-01,8.092573863811943,1.724500182977376,3.2120128512959853,0.6717113511836161
MIA,2020-02,7.82280779446245,1.5899606805904813,3.3063825423606716,0.34785241544374884
MIL,2021-03,9.526367673685495,2.1487621446170855,3.7691094607890196,0.4750384399631795
OKC,2000-04,6.739773841161666,1.6037811244502338,2.9405021800365057,0.3556689613045978
DAL,2001-05,6.395047415146436,1.702604843645902,3.1515481593588777,0.5796462308927598
SAS,2002-06,8.53448419467144,1.7162613845358872,3.428801690188834,0.3257175546817522
POR,2003-07,8.435528323916044,1.8374836989264862,3.163163040032279,0.3592957354922016
PHI,2004-08,8.885521297075002,2.0699179617111283,4.168785496141585,0.7869378938909345
LAL,2005-09,8.218074587005718,1.5764770437735813,3.940677785940536,0.5347866530909611
MEM,2006-00,6.12481653556448,1.5659270236571605,3.0645771027198085,0.4395936608268752
SAC,2007-01,8.30956760130821,1.3062413097320817,3.6754339537050362,0.7051757220033578
MIA,2008-02,7.9069927220979634,1.980483472112717,4.031429724498705,0.4630645094744703
HOU,2009-03,8.49402024763852,1.828723312807859,3.4090727684056166,0.7627079309033599
LAC,2010-04,7.932284339013349,1.5514748067740505,3.2339072964479887,0.4522498780028454
LAL,2011-05,6.93627342267883,1.5896780587231722,3.3932895411017916,0.3282577607439501
DEN,2012-06,8.796584552974432,1.7881296456998172,3.688021683176262,0.32581863731190147
ATL,2013-07,6.644625097502026,1.3312701152120647,3.64628884236602,0.38101204254864596
MIN,2014-08,9.107420020988014,2.242154233009967,3.324223296290351,0.6731366702118214
CHH,2015-09,8.902533496885427,1.9762212640785526,3.7278326824982435,0.2914825017163841
NJN,2016-00,7.120186669261192,1.7732840317389569,3.1549421039749537,0.3484599069236218
SAC,2017-01,8.652185102611018,1.8457446969449898,3.279456602210547,0.633055302249163
DAL,2018-02,7.65005740248446,1.6198162277096164,4.005839564479729,0.41611264152066674
SAS,2019-03,7.609936435219997,2.409772791655777,3.4396103483901217,0.38319861025719937
BOS,2020-04,8.829242367319269,1.7657732471924967,3.4383259416651293,0.5438377726545377
CHI,2021-05,8.366923827123001,1.9092494332422443,3.9401490106395385,0.724755063459302
NJN,2000-06,7.64998653242521,1.6056397512921634,3.9633522736910014,0.7468392352638772
LAL,2001-07,7.646697145350437,1.815520298568527,4.133114805839033,0.5695553193926911
LAL,2002-08,9.587611641844495,1.9322369074420624,4.2314326830104285,0.3548258116699298
SEA,2003-09,6.424497995498445,1.3404455278251,3.442734634311024,0.7754479373426222
PHX,2004-00,8.445846337369401,1.9789031833677768,3.229593325308812,0.5382660805747772
TOR,2005-01,9.798814261840084,2.1338744907462823,4.007762820137352,0.5726482215829797
NOK,2006-02,8.584086705484435,1.7761098542780676,4.240379585565833,0.7125823264682962
ATL,2007-03,9.31718333842534,1.649901372294126,3.564666730209464,0.43553721561450925
SAC,2008-04,8.043043277172146,1.6795367585999696,3.242995695061873,0.7443694660971116
DAL,2009-05,8.926463414619082,2.325681453436421,2.6406106979569435,0.5408947186011531
WAS,2010-06,8.533772087662317,2.085450248679969,3.3715382163417553,0.35768152598657865
DAL,2011-07,8.626315889821608,1.7438770922666809,2.886223181297769,0.42950482017600244
HOU,2012-08,8.332951864988727,1.5768825011447076,3.8204994385268454,0.4143871073795681
PHI,2013-09,7.942300558985778,1.9277854214607162,3.622881226139462,0.4566011030561337
SEA,2014-00,6.139413461574513,1.5101014333285943,3.119562542890612,0.7227321992254843
CLE,2015-01,9.18010628797661,2.1398456869839495,3.8255631106826087,0.5483599967121737
BOS,2016-02,10.017215845418779,1.8430012316978,4.029807829125812,0.6099889731438948
GSW,2017-03,9.318439179620684,2.125989284496165,3.881400309466653,0.7641398106625606
UTA,2018-04,7.489553928572953,1.7463670946267835,3.1049769031417087,0.7662658522921258
SAC,2019-05,9.086501730429289,2.3574751704563743,3.5176500660822896,0.528779122111353
MIN,2020-06,8.472489268786932,1.6562006513060978,3.917553640674627,0.8038188302498066
DET,2021-07,8.90043168348495,1.9900948947044659,3.9874618516364624,0.7863477086421171
POR,2000-08,9.467835475295727,2.1885285146556037,4.151268811007512,0.5985183702177288
NYK,2001-09,7.539534104934939,1.59952399130711,3.2309063931820976,0.6809781093089037
PHI,2002-00,6.695071211250013,1.5868700038199717,3.651619431317753,0.8077914657510313
ATL,2003-01,7.351027543790426,2.3537029765046773,3.504653811083995,0.3779258573651424
TOR,2004-02,8.241163755073831,1.8128805975786533,3.3353296640992625,0.48689850070882457
WAS,2005-03,8.464073838877924,1.5568244116491563,3.698906138617725,0.38394144388983736
LAL,2006-04,7.632423170766718,1.7297095877025743,3.8350261182659,0.42859486658843493
ORL,2007-05,7.207367166669592,1.4132555494519554,3.3975367881409078,0.5776484100300529
HOU,2008-06,8.481331745138025,2.162325202000591,4.339058871842241,0.7043562592939857
NOH,2009-07,7.626240735696058,1.719872414009453,3.17968173254242,0.6994574400779398
DEN,2010-08,9.511358217494148,2.098139408603169,3.9563038596047697,0.641370884248917
POR,2011-09,7.3351065416698376,1.7770793864429792,3.461732025084663,0.6989978065670507
NYK,2012-00,7.573412641693547,1.6873630703809572,3.720277415928493,0.3554845205075867
CHI,2013-01,9.013432909974794,1.853275570564531,4.073373154137453,0.6151171020049362
NJN,2014-02,6.742251758537129,1.515009082666951,3.340961836897881,0.42345617072975583
LAL,2015-03,7.869635417510145,1.8609318000408501,3.6990858227252543,0.4295119487273986
IND,2016-04,8.278044293494748,1.697728816646058,4.12166635755842,0.4879421236279004
GSW,2017-05,7.6975616182285735,1.3525018568823883,3.6920840857533337,0.46756452580926094
SAS,2018-06,8.570471806760027,1.9629673002000305,4.190123025634091,0.4038759983528493
PHX,2019-07,8.45595757849127,2.1980123630979285,4.060129918931511,0.49504561879076747
PHX,2020-08,9.739476762318478,1.9894545864367923,3.422554775933052,0.530335731463185
TOR,2021-09,8.329162654337779,2.000403913995672,3.4401954863722595,0.3313249171286138
CLE,2000-00,9.373025141402344,1.6150551457970843,4.432886192810021,0.41772104049339415
DEN,2001-01,10.190554278893856,1.919805207399328,4.440397990403824,0.4538103981016498
HOU,2002-02,7.508353164504662,1.9206054251370706,3.8985956481119626,0.4762604847900202
GSW,2003-03,9.648746187919137,2.3070356488884105,3.8641862447333946,0.43428194862002695
ATL,2004-04,8.334566507879222,2.2845996396699593,3.3599532081694257,0.3716025238869692
DEN,2005-05,9.362076263258794,2.2606417780160672,4.128042383603621,0.6366710051536417
UTA,2006-06,9.111021741736788,1.5968475210554787,3.6381929216357602,0.6344194009686013
IND,2007-07,8.538564751788357,2.2184015339297756,3.2941129542568572,0.5594485346515911
DEN,2008-08,9.413553938375227,1.9656745783006382,4.233151739323916,0.6445524588971772
BOS,2009-09,7.863001375716764,2.295811640497194,3.0866919516052866,0.45872232139683006
MEM,2010-00,8.100800365811715,1.7091511449693475,3.9488947421405816,0.4695485279410866
WAS,2011-01,6.239301853015677,1.6481868339943162,2.6166346725439023,0.7769108676567837
DAL,2012-02,8.554203252423736,1.3124011549896102,3.909448849945122,0.601191329770358
NJN,2013-03,8.233356378344709,1.1843499204566217,2.9116657937356987,0.4617976664367817
CHI,2014-04,8.071809294767608,2.145326937916587,3.647201187261417,0.6833729889372343
TOR,2015-05,7.70584132154769,1.3940095546331774,4.157480592548679,0.527580225052232
LAL,2016-06,8.747394631835109,2.5657238016843134,3.7241789638059846,0.3098823201539717
LAC,2017-07,8.709301079647886,2.122808057654126,3.4391552062693425,0.4436364579923206
CHA,2018-08,9.728688182516354,1.898494615103351,3.7896449194228126,0.33287142929972624
UTA,2019-09,8.804213268430379,1.8327407923224153,3.7776196640857576,0.544032057805736
ATL,2020-00,7.472802103565474,1.7780342909712359,3.0007573160700143,0.3193329140396166
IND,2021-01,8.895682247051903,2.0317502392735074,3.641440878964831,0.4336597967287271
POR,2000-02,7.556232487450319,1.6122206624431048,3.3512431325065455,0.6682725434060514
DAL,2001-03,9.891900188078145,2.2183069629804035,3.9308199295638686,0.45541938180516295
ATL,2002-04,9.338416218061337,1.82659602795159,3.3826221377950794,0.44197362351134417
MIA,2003-05,10.355138160286067,2.109930363379653,3.665097145034201,0.6080624141248889
LAL,2004-06,7.4622217706689025,1.4446354767476486,3.8767170842217604,0.5873669074455354
MIL,2005-07,7.827367649319066,1.5031455249414991,3.42661615086089,0.5175758433756071
MIN,2006-08,7.943373566344767,2.0647683816809796,2.7785805341765535,0.7749815855262298
HOU,2007-09,8.314186992642721,1.6050821060796088,4.508587299415445,0.7278630472234834
DAL,2008-00,7.515734628805906,1.1912635783093437,3.346432957637041,0.7887706615263202
SEA,2009-01,5.989363986650278,1.5499559684638788,3.039434217418907,0.756826404487274
GSW,2010-02,8.254545600976073,2.577903512517916,4.037464577293102,0.36482099267018336
TOR,2011-03,7.777110962724976,1.8546166378355053,2.8968506585027165,0.4813494204872844
SEA,2012-04,6.812086397776211,1.3499235222497754,3.3190408354162595,0.7427117933937185
WAS,2013-05,7.9791104116067615,1.5826376568809821,3.0254618356842036,0.39081702222870834
OKC,2014-06,6.312928918953291,1.5464797126618313,4.11094212370535,0.36147984090682383
MIL,2015-07,8.687965302005168,2.0989244551498887,4.003502524108724,0.577965254684802
MEM,2016-08,8.890314038976419,1.606160077937247,3.6004347068470386,0.43959578835765006
DAL,2017-09,8.751567525508436,1.7902074604485074,3.3602854504275186,0.38145560991964167
DAL,2018-00,8.368187401893607,2.0693253001660947,4.014644679170918,0.7010251459171916
CLE,2019-01,6.821591928933652,1.7319565434916568,3.865984393826823,0.4115881791262062
SAS,2020-02,7.500301866167972,1.8454285747331023,3.862612087712215,0.31679725141619075
MIN,2021-03,8.317940942990436,2.079221056899902,3.78026543783762,0.27447612703542484
BOS,2000-04,8.786678035509189,2.259482940612074,3.239229802586451,0.8014192992235443
BKN,2001-05,8.841666049077519,1.9183044999713297,3.626132806566503,0.5925777178394374
OKC,2002-06,10.691498321325284,1.7967073489611658,4.17913716032258,0.6400455822981002
LAL,2003-07,7.964175795289463,1.69940434539699,3.987055919856123,0.5917481049189917
LAL,2004-08,8.349475463236855,1.9677255999826553,4.281437282676275,0.7034217302475124
NJN,2005-09,8.842118891515955,1.8047661586520574,3.3513741727310693,0.4837533929383056
SEA,2006-00,8.17787498276018,1.6345640124674516,3.577681074184498,0.616847548038605
NJN,2007-01,7.6953896325253694,2.050127643842706,3.4979436683465113,0.4477293432121675
MIA,2008-02,10.317593745722624,2.2432116378234928,3.4612644744592993,0.5937592797740749
TOR,2009-03,8.552511067287124,1.6469051099320446,3.8469476585555054,0.4115309649164076
NOH,2010-04,6.904816102254042,1.705809773166368,3.0410494987020558,0.6595413870564766
DET,2011-05,8.12599533941966,1.3692962447186598,3.1699015494147837,0.3125537282385205
ATL,2012-06,6.5898383157013525,1.929883945652743,2.615771818711877,0.4695071015091337
SAC,2013-07,8.956553839693699,1.826485862794395,3.832760464643724,0.48998439957611867
MIL,2014-08,7.655229839459817,1.7607248289831245,3.228228400341795,0.38081697064535175
UTA,2015-09,8.057477758780763,1.5752751974151893,3.000361393342346,0.4682296139514958
NOP,2016-00,8.870237388504112,2.1216552670741384,3.606954350863739,0.3817343228470034
MEM,2017-01,8.353147191089807,2.0068924877561947,3.890674478681451,0.6942269327051105
DAL,2018-02,6.482381271453428,1.60343746648628,3.3204464970056513,0.5839234137490907
GSW,2019-03,10.451707375589207,1.912910369702095,3.5707429492324607,0.3652119102068036
NYK,2020-04,8.433876347938025,1.9951646093397313,3.3888663439666593,0.6740080678343583
MEM,2021-05,7.02863680350868,1.5743612037468473,3.311832225142277,0.2779957011193817
CLE,2000-06,8.594673990390762,1.9008366688117677,3.7912816225868937,0.7059705193944571
WAS,2001-07,7.313728074063395,1.3560964726184785,3.3962328356484557,0.39160834159460495
SAC,2002-08,8.94093784882454,2.1302534115413008,3.781020983025887,0.7388126256251591
IND,2003-09,7.924875794028587,1.307435811182577,3.038791305057062,0.49781127664415875
PHX,2004-00,9.616316872758706,2.136122549450582,3.0364955420634345,0.7259907154244153
SAS,2005-01,8.025565212214255,1.70926791710444,3.3920933033002663,0.4243994853814488
CHA,2006-02,9.18034909687688,2.0174137658280498,3.059105591750108,0.6194867242240835
MIN,2007-03,7.679310121333887,1.6440409000823686,3.3009921753033185,0.6888290766194548
GSW,2008-04,8.944011177398423,2.5199168875252287,3.5291669407262183,0.4339662231815172
ORL,2009-05,7.6739770251415536,1.980929312459809,3.750181697574747,0.5541375310213364
NOH,2010-06,8.057824305386566,1.232610407994736,2.89787721427448,0.4251444681631431
MIA,2011-07,9.08639573311105,2.253550244872893,4.24394665150586,0.6321998126484035
PHX,2012-08,7.9411062482785875,2.0852320540100377,3.9232225174791755,0.34529694849911646
UTA,2013-09,7.804256174188714,1.6415092408190404,3.1272307231855985,0.5143885693553542
DET,2014-00,8.783736879741532,1.9936459295802003,3.797043238814546,0.7777845644425029
DET,2015-01,7.683381374060763,1.6281546690873916,3.556245670481858,0.37364879090963354
WAS,2016-02,7.53185469384898,1.7629083628759576,3.3023666841835677,0.455417738564837
BKN,2017-03,8.59320198762509,1.645539194934705,3.546561699078106,0.5131255222672756
DET,2018-04,8.052163406652504,1.655733377214455,3.3665760963596694,0.34988345796452225
PHI,2019-05,8.144045942070075,1.263532561118041,3.438352907296628,0.627189126218814
DEN,2020-06,9.281362637580648,2.166705362120992,4.154563055345347,0.47857617462974694
DET,2021-07,8.123901348683392,2.0674764939633374,3.5797971177793952,0.6741373174477363
LAC,2000-08,10.577995577838477,2.5994259586880863,2.971948534446095,0.5997014378530117
CHA,2001-09,7.610430639676855,1.5065036633957138,3.7383951942519094,0.7241425936301491
UTA,2002-00,7.944480796500503,1.3653908213068509,3.58505309607374,0.7568714658231954
WAS,2003-01,6.251129879687248,1.6251690925010047,3.720932755837805,0.3625658330474376
DEN,2004-02,9.666061803666535,1.7259979895865092,4.006433544651061,0.38431448309850946
OKC,2005-03,9.14772680785339,1.7231248904325078,3.762948984802926,0.43522283504615716
BOS,2006-04,7.628074652602053,1.7898300412303132,3.7114499815946878,0.6050680695293545
CHI,2007-05,6.479106502828339,1.4193164842723713,2.9338510064785046,0.34737050968781946
MIL,2008-06,8.24220816802245,2.1053347677011276,4.034616300356029,0.47434924218847
DEN,2009-07,7.637796505922963,1.980025087531794,3.769784836753848,0.5809799614867466
TOR,2010-08,8.12431816736048,1.628969673232055,3.193754085281655,0.42115337397150615
MIA,2011-09,8.553654449628313,1.7602746129678446,3.3055965815262622,0.5124466997752296
ORL,2012-00,8.148426594713424,1.6937125827976107,3.3752567363264547,0.7771943129674163
CHA,2013-01,8.52860524567944,1.635041868539021,3.7203327380801166,0.705765621864128
MIL,2014-02,8.488793610772216,1.9050252670762204,3.1041655708028615,0.5887286593476335
POR,2015-03,7.90152068563328,2.723571189925178,3.4898176097486173,0.6488129998165759
MEM,2016-04,8.995646026316603,1.8419499368630305,3.708850745604135,0.5489236578922798
DAL,2017-05,7.390317961678105,1.3269905902702948,3.312536701573358,0.8054899756547685
GSW,2018-06,8.786370109539572,2.576499580155375,3.6484265903364124,0.6530774922850311
NYK,2019-07,9.183914630570273,2.3585393367337226,3.4188710615996465,0.32777832593208567
MEM,2020-08,8.83019426938017,1.7291502876122555,3.467993286306853,0.4088532072750782
BKN,2021-09,9.458621177689098,2.7977477208247046,3.4845016063619405,0.36159393807831514
WAS,2000-00,7.54456403479438,1.5505367437586979,2.833650254847192,0.4099697806754332
LAC,2001-01,10.059883903888123,2.4027114324810728,3.5253411129126144,0.6145898194300617
LAL,2002-02,8.931547551344522,1.7407504111613483,3.596345435564113,0.7008734238523375
NOP,2003-03,9.855886933928941,2.384706246389122,4.079140493845211,0.4662155859030114
ORL,2004-04,8.275251377641313,1.3970081864434605,3.5573886374119863,0.3359788822093565
LAL,2005-05,8.595178752515354,2.0629220352200726,3.709024968487735,0.29503784260795296
DAL,2006-06,9.408306460861303,2.3333596717434855,3.783801879225906,0.4505490059132527
NOP,2007-07,8.341787557912564,1.9636439214257257,3.356296317522462,0.5376960470766667
ATL,2008-08,8.268168012031868,1.9516907838176687,3.9653820369588075,0.5139299405203579
ATL,2009-09,6.979708624307072,1.536038670475771,2.8979301689101007,0.5705633835680638
SAS,2010-00,8.16635777062481,1.44946817973664,3.2793801448111934,0.35398843719553025
MIL,2011-01,8.361270040145039,1.5343606684412272,3.254327181532221,0.34315277390406196
DET,2012-02,7.669964512911072,1.8145993511946716,3.2000528068039036,0.5865107667691614
GSW,2013-03,8.273757163574754,1.8860156359433167,5.24443729959759,0.6094509829543682
PHI,2014-04,8.28166176507463,1.7150374175212375,3.9086133987831277,0.5661795017537202
CLE,2015-05,7.817872881454489,1.9016600119940303,3.9418718348974657,0.7694284746725081
CLE,2016-06,9.080850883743768,1.750164151874174,3.682474052642984,0.7088517205894727
HOU,2017-07,8.183202283509749,1.7638185507378135,3.467920546727536,0.6022327566824729
WAS,2018-08,7.134641248599239,1.763256135277229,3.3282228649352934,0.4681344691374044
UTA,2019-09,7.868866745175457,2.041085317084731,3.3561995036994072,0.4340231354899514
LAC,2020-00,7.793738969169855,1.900747209242485,3.596138525452948,0.5697439849097188
BOS,2021-01,8.715744685995288,1.9387014142190344,3.9040160774213044,0.5581707638654343
UTA,2000-02,6.303217342814794,1.3329399558822914,4.069956251078196,0.40939000774037215
OKC,2001-03,7.615284399115069,1.3553841129760196,4.378954705035946,0.5107244622052652
DEN,2002-04,6.457361573793927,1.525809125028429,3.0002265168449243,0.6476092081151333
MIN,2003-05,7.386605484305015,1.7522238504266805,3.3519446540729874,0.4459364355412555
CHI,2004-06,9.111989983944163,2.2020526654566703,4.02153692484196,0.6604199687747707
BOS,2005-07,9.37679497571252,1.9638400465935573,4.582340332666944,0.6235044069483261
ORL,2006-08,7.270197482353322,1.3178802601321538,3.243955664488543,0.7752143579282311
DET,2007-09,8.19120945167401,1.4597961404596496,3.0912949241024914,0.47589948046851255
MIN,2008-00,7.977340053786021,2.2416749484308314,3.446413637785973,0.7700234743272345
MIA,2009-01,8.553972143474423,1.7803760625361809,3.9292714824369965,0.47000552278625574
ATL,2010-02,8.913482560651541,2.133931411265777,3.5571526009505017,0.7343103850748154
MEM,2011-03,7.429253488283196,1.746253375449735,3.8363361201233337,0.32255440914760314
NYK,2012-04,9.509473064469663,1.6769277948279429,3.87095872620309,0.506363831585411
MEM,2013-05,8.7167727933493,2.1232193105975252,3.5014528575052735,0.5693658921791613
BOS,2014-06,9.258819584762241,1.687737505963516,3.4691249101117174,0.7439764154845586
HOU,2015-07,8.046518860301637,1.9461277899180252,3.6021310323660654,0.6005728573297678
HOU,2016-08,8.793208552689439,1.9479968444628264,4.040596498196201,0.7419175357587947
SAC,2017-09,9.033186081965917,2.264510549447358,3.260853940911315,0.59274141814231
BOS,2018-00,8.654578178117601,2.093688201251231,3.232494475270253,0.7906295491222796
SEA,2019-01,7.921640497323071,2.027061679799156,3.468049742743468,0.5696979348503933
SAS,2020-02,8.188339048693019,1.7119087213220152,3.184787874164519,0.38356509232174874
LAC,2021-03,7.40460524901344,1.7527290525822008,3.5869931628318446,0.5817119910453635
NOH,2000-04,8.654346474251062,1.302417438271587,3.253956553167255,0.4553739830912183
CHI,2001-05,7.972908981593379,1.8399231044443611,3.3626586579561204,0.5213811564507966
CHI,2002-06,8.435777722665309,1.506018150062074,4.075246810703495,0.6181758502871896
CHH,2003-07,9.262241116641256,2.148327988832029,3.648061944377207,0.32566821018267145
LAL,2004-08,7.7832692374414805,1.8815357345473727,3.34473301880338,0.5408318916214048
CLE,2005-09,7.356925354679206,1.562670875579515,3.538021934930701,0.5744896209036148
ORL,2006-00,7.719952388704761,1.814061603620905,3.291857978738621,0.533146102354043
NYK,2007-01,7.251375221702763,1.8672935621880593,3.331202428056764,0.6145844588731681
PHI,2008-02,6.860494016441257,2.011725527171537,3.382741580419327,0.7858701108630651
DEN,2009-03,8.02229675130254,1.845854296062678,3.496306804548168,0.3507473128065931
DET,2010-04,7.983419428212603,1.4984888216294296,3.417401258073287,0.34342705232649023
OKC,2011-05,8.076375918984256,1.9713232419657039,3.871550157510842,0.4292613078735956
ATL,2012-06,7.955552479765621,1.1059673843906135,3.163893010186862,0.32654945016029713
MEM,2013-07,9.617210458882857,2.3850135796044087,4.275496545540942,0.40041366257352384
WAS,2014-08,7.603268591817993,1.7701018637858643,2.524632644246824,0.3398474363975179
DEN,2015-09,7.250841672646403,1.4415373467927812,3.5183807870915396,0.7619434009346268
CHI,2016-00,8.180612424031269,1.944408676919443,4.018659483863241,0.46059662860610234
DAL,2017-01,7.838822580292146,1.6441310170224919,2.8373415136792954,0.6257001012998659
TOR,2018-02,8.549740062067436,1.4270182185011566,3.6053418689052137,0.5133003651546969
MIN,2019-03,8.81467715006017,1.784979810047227,3.972414443906843,0.3422275620105293
POR,2020-04,8.053774432834695,1.0080600446757408,2.8579123226243976,0.6485823444323106
LAC,2021-05,10.735166984623087,2.59754275171559,3.8935288745200394,0.5746346909388655
CHI,2000-06,7.354018362964965,1.8879098836880315,4.040021244507946,0.6164584884003831
PHI,2001-07,8.382600228987625,1.508010287899932,3.4343361101513263,0.6846370398019689
PHX,2002-08,9.192980968822019,2.1937368280509113,3.7707294346978095,0.8392761303535593
MIN,2003-09,8.355072735499416,1.296833609109029,3.814356420237072,0.6963460945612776
ORL,2004-00,8.287690103382502,1.9333632614796679,3.9162837309177965,0.3299563625446737
CLE,2005-01,9.858639113365593,1.9271880928765128,3.5112035625380082,0.739541542733319
MIN,2006-02,9.018318872335925,1.732854884301529,2.922500910721882,0.7736726333764001
PHX,2007-03,9.860003512088545,1.812468608759511,3.7915663652142726,0.8296972295699707
IND,2008-04,8.665239191588885,2.2422701945147314,3.594772039088333,0.6308197337337526
IND,2009-05,8.196024698045372,1.730313768740163,3.5344082609485645,0.5743115316354706
HOU,2010-06,7.5592118765649206,1.7203051568090013,3.7188922017478094,0.41928973518166796
BOS,2011-07,9.291600881226891,2.039898648556364,3.5966732938859747,0.7898208019857602
PHI,2012-08,7.259343273923953,1.5792399428720247,3.207835948594473,0.8397702603255074
PHI,2013-09,8.66466221876975,1.8277476359825435,3.6583609797677146,0.38515412316042646
MIL,2014-00,9.915838509193694,1.6964706760924535,3.536047781647374,0.6119496674688002
LAC,2015-01,9.641159230898916,1.701622084777751,3.4347585632306257,0.6930680465096464
SAS,2016-02,6.898099178530143,1.351963804134873,3.259982906207353,0.40997924946976844
DEN,2017-03,10.12666288018862,2.2396299069946908,4.321128565804215,0.7028329229093044
TOR,2018-04,7.542336389749346,1.5249053970190818,3.5088913980011776,0.7394042087665441
CHA,2019-05,9.1954720273467,2.2377364137595346,3.6977098283505754,0.3076720828692362
DAL,2020-06,9.318102911133707,1.8835131243080407,3.986951133179459,0.7532730753991188
CLE,2021-07,7.439130818523529,1.5859856803113717,3.3833238476901513,0.6060707395103506
GSW,2000-08,9.358856384415667,2.127631837162172,3.8574562891597894,0.2846437936696013
PHX,2001-09,8.62320471403108,1.9621596019421406,3.55808572701089,0.5206673898615032
PHX,2002-00,9.573582399307169,1.9557212783163358,3.84924573003587,0.5863530909075594
POR,2003-01,8.136579274309575,1.592458295831496,3.2750765008960685,0.7432230922517836
HOU,2004-02,8.908743326754545,2.3642891344194736,3.824971358906639,0.4506870346859516
LAC,2005-03,7.486041732245372,1.584038415200386,3.3812287952566034,0.7593158358039409
